doc,no,char,ids,evi,ref,comment,,
1751,1-1,𪴒,,,TE-353F,T glyph update,,
1751,1-2,𪽜,,,TD-5127,T glyph update,,
1751,1-3,𫀛,,,TD-4223,T glyph update,,
1751,1-4,𫂉,,,TD-5278,T glyph update,,
1751,1-5,𫂏,,,TD-6162,T glyph update,,
1752,2-1,𠆁,,,GKX-0089.21,G glyph update,,
1752,2-2,𢃑,,,UCS2003,G glyph update,,
1752,2-3,𢏲,,,UCS2003,G glyph update,,
1752,2-4,𢐽,,,GHZ-80018.06,G glyph update,,
1752,2-5,𣁙,,,GHZ-32170.17,G glyph update,,
1752,2-6,𤰣,,,GKX-0760.03,G glyph update,,
1752,2-7,𥅳,,,GHZ-42484.07,G glyph update,,
1752,2-8,𥔂,,,GKX-0833.07,G glyph update,,
1752,2-9,𥠅,,,GKX-0856.12,G glyph update,,
1752,3-10,𥦺,,,GKX-0867.03,G glyph update,,
1752,3-11,𥮟,,,GKX-0889.11,G glyph update,,
1752,3-12,𥼗,,,GKX-0912.40,G glyph update,,
1752,3-13,𦇅,,,GKX-0943.07,G glyph update,,
1752,3-14,𦈅,,,GKX-0944.23,G glyph update,,
1752,3-15,𦊣,,,GHZ-42916.02,G glyph update,,
1752,3-16,𦝝,,,GKX-0988.02,G glyph update,,
1752,3-17,𦡖,,,GHZ-32115.13,G glyph update,,
1752,3-18,𦽣,,,GKX-1062.29,G glyph update,,
1752,3-19,𧆆,,,GHZ-53339.04,G glyph update,,
1752,4-20,𧔠,,,GKX-1102.20,G glyph update,,
1752,4-21,𧕱,,,GKX-1104.22,G glyph update,,
1752,4-22,𧙤,,,GKX-1116.14,G glyph update,,
1752,4-23,𧛓,,,GKX-1120.29,G glyph update,,
1752,4-24,𧠘,,,GHZ-63665.12,G glyph update,,
1752,4-25,𧡿,,,GHZ-80038.19,G glyph update,,
1752,4-26,𧤩,,,GHZ-63931.12,G glyph update,,
1752,4-27,𧥯,,,GKX-1149.07,G glyph update,,
1752,4-28,𨌂,,,GKX-1243.16,G glyph update,,
1752,4-29,𨘇,,,GKX-1267.06,G glyph update,,
1752,5-30,𨭙,,,GKX-1323.28,G glyph update,,
1752,5-31,𨼭,,,GKX-1360.41,G glyph update,,
1752,5-32,𩃁,,,GKX-1375.03,G glyph update,,
1752,5-33,𩒜,,,GKX-1404.05,G glyph update,,
1752,5-34,𩧤,,,GHZ-74585.09,G glyph update,,
1752,5-35,𩮚,,,GKX-1455.47,G glyph update,,
1752,5-36,𩴆,,,GKX-1462.52,G glyph update,,
1752,6-1,𥺛,,,GKX-0910.02,no change,,
1752,6-2,𥾨,,,GKX-0919.06,no change,,
1752,7-3,𥼟,,,GKX-0913.12,no change,,
1752,7-4,𥓓,,,GKX-0832.11,no change,,
1752,8-5,𥟑,,,GKX-0855.03,no change,,
1752,8-6,𥐬,,,GKX-0828.23,no change,,
1752,9-7,𦕿,,,GKX-0967.35,no change,,
1752,9-8,𦁗,,,GKX-0929.21,no change,,
1752,10-9,𦝠,,,GKX-0988.14,no change,,
1752,10-10,𧕠,,,GKX-1104.08,no change,,
1752,11-11,𧥷,,,GKX-1151.15,no change,,
1753,1-1,㺬,⿰𤣩凡(巩),GKX@《集韻》古勇切，音拱，璧也。本作珙，通作拱。,GKX-0727.11,G glyph update,,
1753,1-2,𤣲,⿰𤣩卂,GHZ@《玉篇》息進切。玉名。,GHZ-21102.14,no change,,
1754,1-1,𦚝,,,,unification,,
1754,2-1,𦚫,,,,unification,,
1754,2-2,𦜒,,,,unification,,
1754,2-3,𠢅,,,,unification,,
1755,1-1,𠏝,,,K4-000D,K glyph update,,
1755,1-2,𥕦,,,K4-008A,K glyph update,,
1778,1-1,𬤹,,"this@廖~莊, liu yee chong",,evidence,,
1778,1-2,~㛇,⿰女庒,,,withdraw,,
1780,1-1,~薓,𮑵,,CY101438,withdraw,,
1780,1-2,~匘,,,GH100129,withdraw,,
1780,1-3,~𱋾,,,GH102953,G glyph update,,
1780,1-4,~𬡇,,,GH201513,withdraw,,
1780,2-1,~旹,⿱㞢旦,,GHC100378,withdraw,,
1780,2-2,~𦑶,⿰羽𬑔,,GHC101298,withdraw,,
1780,3-1,→鏋,𬭮,this@商务印书馆辞书研究中心（编），《新华多功能字典》，北京：商务印书馆，2005 年，第 1071 页。,CY102132,evidence,,
1780,3-2,→顁,𬱫,this@商务印书馆辞书研究中心（编），《新华多功能字典》，北京：商务印书馆，2005 年，第 998 页。,CY102338,evidence,,
1780,3-3,→摌,𫼪,this@商务印书馆辞书研究中心（编），《新华多功能字典》，北京：商务印书馆，2005 年，第 978 页。,GJZ00043,evidence,,
1780,3-4,→槻,𬃀,this@商务印书馆辞书研究中心（编），《新华多功能字典》，北京：商务印书馆，2005 年，第 253 页。,GJZ00049,evidence,,
1780,4-1,→譔,𬤥,GGH@《古代汉语词典》编写组（编），《古代汉语词典》，北京：商务印书馆，2002 年，第 2056 页。,XC301692,evidence,,
1780,4-2,→紶,𬘛,this@商务印书馆辞书研究中心（编），《新华多功能字典》，北京：商务印书馆，2005 年，第 1103 页。,GJZ00100,evidence,,
1780,4-3,→𨭗,𬭇,this@商务印书馆辞书研究中心（编），《新华多功能字典》，北京：商务印书馆，2005 年，第 1015 页。,GJZ00192,evidence,,
1791,1-1,𬒀,,,MAC00003,repertoire,,
1791,1-2,𬋋,,,MAC00009,repertoire,,
1791,1-3,𬞆,,,MAC00013,repertoire,,
1791,1-4,𫲐,,,MAC00015,repertoire,,
1791,1-5,𬫃,,,MAC00016,repertoire,,
1791,1-6,𫺢,,,MAC00023,repertoire,,
1791,1-7,𨩌,,,MAC00024,repertoire,,
1791,1-8,𬰚,,,MAC00025,repertoire,,
1791,1-9,𬊧,,,MAC00026,repertoire,,
1791,1-10,𬊏,,,MAC00027,repertoire,,
1791,1-11,𬎆,,,MAC00028,repertoire,,
1791,1-12,𠿮,,,MAC00030,repertoire,,
1791,1-13,𬮍,,,MAC00031,repertoire,,
1791,1-14,𬌲,,,MAC00046,repertoire,,
1791,1-15,𬄾,,,MAC00047,repertoire,,
1791,1-16,𬍳,,,MAC00048,repertoire,,
1791,1-17,𬔻,,,MAC00049,repertoire,,
1791,1-18,𬁆,,,MAC00050,repertoire,,
1791,1-19,𬐨,,,MAC00051,repertoire,,
1791,1-20,𫰋,,,MAC00052,repertoire,,
1791,1-21,𬳧,,,MAC00053,repertoire,,
1791,1-22,𫯜,,,MAC00055,repertoire,,
1791,1-23,𫦪,,,MAC00056,repertoire,,
1791,1-24,𬀲,,,MAC00057,repertoire,,
1791,1-25,𬉷,,,MAC00059,repertoire,,
1791,1-26,𬯋,,,MAC00060,repertoire,,
1791,1-27,𬊕,,,MAC00061,repertoire,,
1791,1-28,𬁝,,,MAC00062,repertoire,,
1791,1-29,𬗋,,,MAC00063,repertoire,,
1791,1-30,𬓥,,,MAC00064,repertoire,,
1791,1-31,𫨨,,,MAC00065,repertoire,,
1791,1-32,𬠸,,,MAC00066,repertoire,,
1791,1-33,𬈹,,,MAC00067,repertoire,,
1791,1-34,𫤪,,,MAC00070,repertoire,,
1791,1-35,𬇣,,,MAC00071,repertoire,,
1791,1-36,~尚,𫩠,,MAC00074,repertoire,,
1791,1-37,𡛩,,,MAC00075,repertoire,,
1791,1-38,𫣲,,,MAC00076,repertoire,,
1791,1-39,𡊐,,,MAC00077,repertoire,,
1791,1-40,~蘍,𬟓,,MAC00078,repertoire,,
1791,1-41,啚,,,MAC00079,repertoire,,
1791,1-42,~㛇,⿸㚧𡈽,,MAC00081,repertoire,,
1791,1-43,~𠲘,⿱𦍌口,,MAC00082,repertoire,,
1791,1-44,~𡩴,,,MAC00083,repertoire,,
1791,1-45,~衆,⿱丿𬑔,,MAC00087,repertoire,,
1791,1-46,廸,,,MAC00089,repertoire,,
1791,1-47,𫲄,,,MAC00094,repertoire,,
1791,1-48,𫾻,,,MAC00106,repertoire,,
1791,1-49,𫵷,,,MAC00107,repertoire,,
1791,1-50,𬍰,,,MAC00109,repertoire,,
1791,1-51,𬇞,,,MAC00110,repertoire,,
1791,1-52,𬒔,,,MAC00111,repertoire,,
1791,1-53,𬮼,,,MAC00112,repertoire,,
1791,1-54,𬒰,,,MAC00113,repertoire,,
1791,1-55,~啗,,,MAC00115,repertoire,,
1791,1-56,𬏺,,,MAC00116,repertoire,,
1791,2-1,𢊈,,,MAC00117,repertoire,,
1791,2-2,𬍂,,,MAC00118,repertoire,,
1791,2-3,𬱃,,,MAC00119,repertoire,,
1791,2-4,,⿰木已,,MAC00120,repertoire,,
1791,2-5,~養,,,MAC00121,repertoire,,
1791,2-6,𭒨,,,MAC00123,repertoire,,
1791,2-7,,⿱艹已,,MAC00125,repertoire,,
1791,2-8,~衆,,,MAC00126,repertoire,,
1791,2-9,~隶,,,MAC00127,repertoire,,
1791,2-10,~沗,⿱天水,,MAC00130,repertoire,,
1791,2-11,𪸛,,,MAC00131,repertoire,,
1791,2-12,~剆,⿰良刂,,MAC00132,repertoire,,
1792,1-1,𣹔,,,V2-7A50,V glyph update,,
1792,1-2,𤑈,,,V2-7B76,V glyph update,,
1792,1-3,𤓇,,,V3-337D,V glyph update,,
1792,1-4,𤬲,,,V2-7C6A,V glyph update,,
1792,1-5,𦄓,,,V2-8121,V glyph update,,
1792,2-1,𨖙,,,V4-5565,V glyph update,,
1792,2-2,𠾺,,,V2-7161,V glyph update,,
1792,2-3,𡄰,,,V3-353A,V glyph update,,
1792,2-4,𡅐,,,V0-4870,V glyph update,,
1792,2-5,𨙛,,,V2-8552,V glyph update,,
1792,2-6,𢢆,,,V0-364E,V glyph update,,
1792,2-7,𢥉,,,V0-3665,V glyph update,,
1792,2-8,𪐾,,,V2-886B,V glyph update,,
1792,3-1,𠬉,,,V2-6F6D,V glyph update,,
1792,3-2,𠯋,,,V2-6F74,V glyph update,,
1792,3-3,𡄥,,,V2-725C,V glyph update,,
1792,3-4,𡆖,,,V0-3428,V glyph update,,
1792,3-5,𡊸,,,V2-727C,V glyph update,,
1792,3-6,𡔍,,,V2-7353,V glyph update,,
1792,3-7,𡯀,,,V2-7456,V glyph update,,
1792,3-8,𢚶,,,V0-3579,V glyph update,,
1792,4-1,𢱛,,,V0-382C,V glyph update,,
1792,4-2,𣃲,,,V2-783C,V glyph update,,
1792,4-3,𣞄,,,V2-7971,V glyph update,,
1792,4-4,𣟃,,,V2-796F,V glyph update,,
1792,4-5,𣠑,,,V0-3A6A,V glyph update,,
1792,4-6,𣠘,,,V2-797D,V glyph update,,
1792,4-7,𣡤,,,V2-7A26,V glyph update,,
1792,4-8,𤠷,,,V2-7C4F,V glyph update,,
1792,4-9,𤮘,,,V3-345B,V glyph update,,
1792,4-10,𤺮,,,V2-7D47,V glyph update,,
1792,5-1,𢶽,,,V3-323C,V glyph update,,
1792,5-2,𢷆,,,V0-3871,V glyph update,,
1792,5-3,𣇞,,,V0-3949,V glyph update,,
1792,5-4,𣛯,,,V2-7951,V glyph update,,
1792,5-5,𣟂,,,V2-7968,V glyph update,,
1792,5-6,𣼷,,,V2-7A64,V glyph update,,
1792,5-7,𤃞,,,V2-7B2F,V glyph update,,
1792,5-8,𤎏,,,V2-7B69,V glyph update,,
1792,5-9,𥋕,,,V0-3E77,V glyph update,,
1792,5-10,𥋹,,,V0-476D,V glyph update,,
1792,6-1,𥱪,,,V0-4023,V glyph update,,
1792,6-2,𥸠,,,V2-802A,V glyph update,,
1792,6-3,𦋦,,,V2-6F31,V glyph update,,
1792,6-4,𦲿,,,V2-823E,V glyph update,,
1792,6-5,𨆒,,,V2-8475,V glyph update,,
1792,6-6,𩞝,,,V0-473E,V glyph update,,
1792,6-7,𢩣,,,V0-467E,V glyph update,,
1792,6-8,𣼽,,,V0-3B63,V glyph update,,
1792,7-1,𤠳,,,V0-3D3B,V glyph update,,
1793,2-1,𢢢,,,GKX-0406.09,G glyph update,,
1793,2-2,𢦐,,,GKX-0411.09,G glyph update,,
1793,2-3,𠑱,,,GHZ-10240.12,G glyph update,,
1793,2-4,𠗆,,,GKX-0132.20,G glyph update,,
1793,2-5,𠗱,,,GKX-0133.11,G glyph update,,
1793,2-6,𡆓,,,GKX-0216.13,G glyph update,,
1793,2-7,𡖂,,,GKX-0245.29,G glyph update,,
1793,3-1,𠀖,,,UCS2003,G glyph update,,
1793,3-2,𠆅,,,UCS2003,G glyph update,,
1793,3-3,𠊔,,,UCS2003,G glyph update,,
1793,3-4,𠕢,,,UCS2003,G glyph update,,
1793,3-5,𠮗,,,UCS2003,G glyph update,,
1793,3-6,𡬙,,,UCS2003,G glyph update,,
1793,3-7,𡽺,,,UCS2003,G glyph update,,
1793,3-8,𡾙,,,UCS2003,G glyph update,,
1793,4-9,𡾞,,,UCS2003,G glyph update,,
1793,4-10,𢂄,,,UCS2003,G glyph update,,
1793,4-11,𢖖,,,UCS2003,G glyph update,,
1793,4-12,𢢛,,,UCS2003,G glyph update,,
1793,4-13,𢣧,,,UCS2003,G glyph update,,
1793,4-14,𢥼,,,UCS2003,G glyph update,,
1793,4-15,𢾶,,,UCS2003,G glyph update,,
1793,5-1,𠆁,,,GKX-0089.21,G glyph update,,
1793,5-2,𢃑,,,UCS2003,G glyph update,,
1793,5-3,𢏲,,,UCS2003,G glyph update,,
1793,5-4,𢐽,,,GHZ-80018.06,G glyph update,,
1793,5-5,𣁙,,,GHZ-32170.17,G glyph update,,
1793,5-6,𤰣,,,GKX-0760.03,G glyph update,,
1793,5-7,𥅳,,,GHZ-42484.07,G glyph update,,
1793,5-8,𥔂,,,GKX-0833.07,G glyph update,,
1793,5-9,𥠅,,,GKX-0856.12,G glyph update,,
1793,6-10,𥦺,,,GKX-0867.03,G glyph update,,
1793,6-11,𥮟,,,GKX-0889.11,G glyph update,,
1793,6-12,𥼗,,,GKX-0912.40,G glyph update,,
1793,6-13,𦇅,,,GKX-0943.07,G glyph update,,
1793,6-14,𦈅,,,GKX-0944.23,G glyph update,,
1793,6-15,𦊣,,,GHZ-42916.02,G glyph update,,
1793,6-16,𦝝,,,GKX-0988.02,G glyph update,,
1793,6-17,𦡖,,,GHZ-32115.13,G glyph update,,
1793,6-18,𦽣,,,GKX-1062.29,G glyph update,,
1793,6-19,𧆆,,,GHZ-53339.04,G glyph update,,
1793,7-20,𧔠,,,GKX-1102.20,G glyph update,,
1793,7-21,𧕱,,,GKX-1104.22,G glyph update,,
1793,7-22,𧙤,,,GKX-1116.14,G glyph update,,
1793,7-23,𧛓,,,GKX-1120.29,G glyph update,,
1793,7-24,𧠘,,,GHZ-63665.12,G glyph update,,
1793,7-25,𧡿,,,GHZ-80038.19,G glyph update,,
1793,7-26,𧤩,,,GHZ-63931.12,G glyph update,,
1793,7-27,𧥯,,,GKX-1149.07,G glyph update,,
1793,7-28,𨌂,,,GKX-1243.16,G glyph update,,
1793,7-29,𨘇,,,GKX-1267.06,G glyph update,,
1793,8-30,𨭙,,,GKX-1323.28,G glyph update,,
1793,8-31,𨼭,,,GKX-1360.41,G glyph update,,
1793,8-32,𩃁,,,GKX-1375.03,G glyph update,,
1793,8-33,𩒜,,,GKX-1404.05,G glyph update,,
1793,8-34,𩧤,,,GHZ-74585.09,G glyph update,,
1793,8-35,𩮚,,,GKX-1455.47,G glyph update,,
1793,8-36,𩴆,,,GKX-1462.52,G glyph update,,
1793,9-1,𡼬,,,GHZ-10796.16,G glyph update,,
1793,9-2,𪄺,,,GKX-1498.40,G reference update,,
1794,2-1,𧀎,,,K4-00C5,K glyph update,,
1794,3-1,𠏝,,,K4-000D,K glyph update,,
1794,3-2,𥕦,,,K4-008A,K glyph update,,
1794,4-1,𧀎,,,K4-00C5,K glyph update,,
1795,1-1,𩥴,,,T7-564E,T move 𩦄 to 𩥴,,
1795,1-2,𩦄,,,T5-7234,T move 𩥴 to 𩦄,,
1795,2-1,𠀄,,,T6-212D,T glyph update,,
1795,2-2,𠂰,,,T2-2562,T glyph update,,
1795,2-3,𠂙,,,T6-222F,T glyph update,,
1795,2-4,𠄄,,,T6-5051,T glyph update,,
1795,2-5,𠄷,,,T6-352C,T glyph update,,
1795,2-6,𠆀,,,T6-5052,T glyph update,,
1795,3-1,𠆉,,,T7-2123,T glyph update,,
1795,3-2,𠆏,,,T7-2C3E,T glyph update,,
1795,3-3,𠇃,,,T6-234B,T glyph update,,
1795,3-4,𠌋,,,T5-3657,T glyph update,,
1795,3-5,𠎂,,,T6-5A67,T glyph update,,
1795,3-6,𠔜,,,T6-353E,T glyph update,,
1795,3-7,𠔴,,,TF-534F,T glyph update,,
1795,4-1,𠔵,,,TF-5350,T glyph update,,
1795,4-2,𠔶,,,T5-6134,T glyph update,,
1795,4-3,𠔷,,,TF-5E33,T glyph update,,
1795,4-4,𠔸,,,T7-4624,T glyph update,,
1795,4-5,𠔹,,,T7-462B,T glyph update,,
1795,5-1,𠝨,,,T5-365E,T glyph update,,
1795,5-2,𠡭,,,T4-2B74,T glyph update,,
1795,5-3,𠦔,,,T6-2375,T glyph update,,
1795,5-4,𠦱,,,TF-3954,T glyph update,,
1795,5-5,𠩽,,,T6-3D5D,T glyph update,,
1795,5-6,𠪠,,,TF-466D,T glyph update,,
1795,5-7,𠪳,,,T7-2142,T glyph update,,
1795,5-8,𠪽,,,TF-5359,T glyph update,,
1795,6-1,𠵑,,,T5-3138,T glyph update,,
1795,6-2,𠺇,,,TF-405C,T glyph update,,
1795,6-3,𡅸,,,T7-5B47,T glyph update,,
1795,6-4,𡐢,,,T7-216F,T glyph update,,
1795,6-5,𡒴,,,T7-3F33,T glyph update,,
1795,6-6,𡔂,,,T7-575B,T glyph update,,
1795,6-7,𡕒,,,T5-212F,T glyph update,,
1795,7-1,𡕼,,,T7-464A,T glyph update,,
1795,7-2,𡙠,,,T4-3C5D,T glyph update,,
1795,7-3,𡙼,,,T7-217E,T glyph update,,
1795,7-4,𡜑,,,T6-2F7E,T glyph update,,
1795,7-5,𡢩,,,TF-5423,T glyph update,,
1795,7-6,𡣕,,,T4-5625,T glyph update,,
1795,8-1,𡦹,,,T6-2169,T glyph update,,
1795,8-2,𡧂,,,T4-225A,T glyph update,,
1795,8-3,𡧴,,,T6-3029,T glyph update,,
1795,8-4,𡨴,,,T4-312F,T glyph update,,
1795,8-5,𡴒,,,T5-2876,T glyph update,,
1795,8-6,𡾂,,,T7-465A,T glyph update,,
1795,9-1,𢀻,,,T6-3058,T glyph update,,
1795,9-2,𢂞,,,T6-305A,T glyph update,,
1795,9-3,𢂮,,,T6-3064,T glyph update,,
1795,9-4,𢄐,,,T4-3D24,T glyph update,,
1795,9-5,𢇖,,,T7-576D,T glyph update,,
1795,9-6,𢇭,,,T6-2743,T glyph update,,
1795,9-7,𢍞,,,T6-4851,T glyph update,,
1795,10-1,𢎄,,,T6-2b32,T glyph update,,
1795,10-2,𢎲,,,T6-246A,T glyph update,,
1795,10-3,𢗻,,,T6-2B43,T glyph update,,
1795,10-4,𢜚,,,T6-3F78,T glyph update,,
1795,10-5,𢟂,,,TF-4828,T glyph update,,
1795,10-6,𢧍,,,T6-4929,T glyph update,,
1795,11-1,𢫂,,,T6-2B62,T glyph update,,
1795,11-2,𢭉,,,T6-3157,T glyph update,,
1795,11-3,𢮮,,,T6-402E,T glyph update,,
1795,11-4,𢲀,,,T5-3F4F,T glyph update,,
1795,11-5,𢸏,,,TF-5E69,T glyph update,,
1795,11-6,𢺕,,,T7-577B,T glyph update,,
1795,11-7,𢺬,,,T7-6238,T glyph update,,
1795,12-1,𢿩,,,T7-2E49,T glyph update,,
1795,12-2,𣀊,,,T5-5B5B,T glyph update,,
1795,12-3,𣀱,,,T5-7026,T glyph update,,
1795,12-4,𣂆,,,T4-436A,T glyph update,,
1795,12-5,𣉻,,,T7-2361,T glyph update,,
1795,12-6,𣊆,,,T7-2362,T glyph update,,
1795,12-7,𣊮,,,T7-2E54,T glyph update,,
1795,13-1,𣎐,,,T6-5D5E,T glyph update,,
1795,13-2,𣎙,,,TF-4F3C,T glyph update,,
1795,13-3,𣎻,,,T6-247E,T glyph update,,
1795,13-4,𣏅,,,T6-282B,T glyph update,,
1795,13-5,𣑾,,,T6-3852,T glyph update,,
1795,13-6,𣒏,,,T6-4063,T glyph update,,
1795,13-7,𣚎,,,T4-505F,T glyph update,,
1795,14-1,𣝧,,,T7-3F7C,T glyph update,,
1795,14-2,𣞉,,,T7-4022,T glyph update,,
1795,14-3,𣞿,,,TF-625E,T glyph update,,
1795,14-4,𣡏,,,T7-6071,T glyph update,,
1795,14-5,𣥑,,,T6-2C36,T glyph update,,
1795,14-6,𣦘,,,T7-2421,T glyph update,,
1795,14-7,𣩌,,,T6-5D2D,T glyph update,,
1795,15-1,𣲇,,,TF-225C,T glyph update,,
1795,15-2,𣺏,,,T6-5440,T glyph update,,
1795,15-3,𤃔,,,TF-6271,T glyph update,,
1795,15-4,𤈹,,,T6-4153,T glyph update,,
1795,15-5,𤐯,,,T4-5B63,T glyph update,,
1795,15-6,𤑋,,,T7-392A,T glyph update,,
1795,15-7,𤕈,,,T7-5368,T glyph update,,
1795,16-1,𤖊,,,T6-4B25,T glyph update,,
1795,16-2,𤫬,,,T5-2A46,T glyph update,,
1795,16-3,𤮡,,,T5-683F,T glyph update,,
1795,16-4,𤮩,,,T5-704B,T glyph update,,
1795,16-5,𤽔,,,T6-3329,T glyph update,,
1795,16-6,𥂅,,,T6-5F4B,T glyph update,,
1795,16-7,𥅉,,,T6-3A2B,T glyph update,,
1795,17-1,𥏰,,,T5-4770,T glyph update,,
1795,17-2,𥘍,,,T6-2D48,T glyph update,,
1795,17-3,𥙷,,,T6-4C36,T glyph update,,
1795,17-4,𥝇,,,T7-3060,T glyph update,,
1795,17-5,𥜊,,,TF-5B50,T glyph update,,
1795,17-6,𥟞,,,T6-557C,T glyph update,,
1795,17-7,𥡳,,,T7-306C,T glyph update,,
1795,17-8,𥡴,,,T7-3061,T glyph update,,
1795,18-1,𥧽,,,T5-5655,T glyph update,,
1795,18-2,𥨐,,,T4-574E,T glyph update,,
1795,18-3,𥬃,,,TF-3168,T glyph update,,
1795,18-4,𥬟,,,T6-4278,T glyph update,,
1795,18-5,𥰉,,,T7-2652,T glyph update,,
1795,18-6,𥱍,,,T5-565B,T glyph update,,
1795,18-7,𥸇,,,T7-612D,T glyph update,,
1795,18-8,𥺠,,,T6-6032,T glyph update,,
1795,19-1,𥼢,,,T7-4E78,T glyph update,,
1795,19-2,𦁥,,,T6-6038,T glyph update,,
1795,19-3,𦆏,,,T7-485E,T glyph update,,
1795,19-4,𦌨,,,T7-3A4A,T glyph update,,
1795,19-5,𦎫,,,T4-4C48,T glyph update,,
1795,19-6,𦒛,,,T7-416B,T glyph update,,
1795,19-7,𦓁,,,T7-2726,T glyph update,,
1795,20-1,𦕥,,,T6-4D35,T glyph update,,
1795,20-2,𦕦,,,T6-4D35,T glyph update,,
1795,20-3,𦜠,,,T6-4D47,T glyph update,,
1795,20-4,𦠼,,,T7-4221,T glyph update,,
1795,20-5,𦡰,,,T4-5C75,T glyph update,,
1795,20-6,𦢃,,,T7-417D,T glyph update,,
1795,20-7,𦣽,,,T6-2D70,T glyph update,,
1795,21-1,𦦟,,,TF-6044,T glyph update,,
1795,21-2,𦦴,,,TF-6835,T glyph update,,
1795,21-3,𦨷,,,T4-3A53,T glyph update,,
1795,21-4,𦫁,,,T7-5450,T glyph update,,
1795,21-5,𦫂,,,T7-5451,T glyph update,,
1795,21-6,𦰧,,,T5-3525,T glyph update,,
1795,21-7,𦱠,,,T6-6132,T glyph update,,
1795,22-1,𦴠,,,T6-5759,T glyph update,,
1795,22-2,𦶼,,,TF-4B6F,T glyph add,,
1795,22-3,𦹉,,,T7-575C,T glyph update,,
1795,22-4,𦻃,,,T5-575C,T glyph update,,
1795,22-5,𦻞,,,T5-5757,T glyph update,,
1795,22-6,𦻩,,,T7-3259,T glyph update,,
1795,22-7,𦽱,,,T7-4935,T glyph update,,
1795,23-1,𧁖,,,T7-275A,T glyph update,,
1795,23-2,𧂗,,,T7-4F62,T glyph update,,
1795,23-3,𧄋,,,T7-5458,T glyph update,,
1795,23-4,𧇕,,,T7-2828,T glyph update,,
1795,23-5,𧋰,,,T7-496B,T glyph update,,
1795,23-6,𧏂,,,T5-5773,T glyph update,,
1795,23-7,𧏝,,,T7-3323,T glyph update,,
1795,24-1,𧑨,,,T7-4269,T glyph update,,
1795,24-2,𧖏,,,T7-636D,T glyph update,,
1795,24-3,𧗦,,,T5-3036,T glyph update,,
1795,24-4,𧙤,,,T5-3C33,T glyph update,,
1795,24-5,𧝢,,,T7-4323,T glyph update,,
1795,24-6,𧜑,,,T7-332E,T glyph update,,
1795,24-7,𧞌,,,T7-4F7D,T glyph update,,
1795,25-1,𧡖,,,T5-506E,T glyph update,,
1795,25-2,𧡠,,,T7-2861,T glyph update,,
1795,25-3,𧢮,,,T4-6E3B,T glyph update,,
1795,25-4,𧦂,,,T6-4475,T glyph update,,
1795,25-5,𧦆,,,T6-446E,T glyph update,,
1795,25-6,𧦻,,,T6-4E75,T glyph update,,
1795,25-7,𧬈,,,T4-6141,T glyph update,,
1795,26-1,𧮸,,,T4-474D,T glyph update,,
1795,26-2,𧷫,,,TF-6067,T glyph update,,
1795,26-3,𧸮,,,TF-684F,T glyph update,,
1795,26-4,𧾫,,,T7-594B,T glyph update,,
1795,26-5,𨆼,,,TF-6854,T glyph update,,
1795,26-6,𨍿,,,T5-5F24,T glyph update,,
1795,27-1,𨑃,,,T6-292C,T glyph update,,
1795,27-2,𨓒,,,T6-455A,T glyph update,,
1795,27-3,𨔱,,,T6-5933,T glyph update,,
1795,27-4,𨕛,,,T5-4357,T glyph update,,
1795,27-5,𨖘,,,TF-5252,T glyph update,,
1795,28-1,𨘎,,,TF-612B,T glyph update,,
1795,28-2,𨘢,,,T7-4B22,T glyph update,,
1795,28-3,𨟈,,,T7-442A,T glyph update,,
1795,28-4,𨡋,,,T7-2A28,T glyph update,,
1795,28-5,𨢱,,,T7-4436,T glyph update,,
1795,29-1,𨢈,,,T5-5F43,T glyph update,,
1795,29-2,𨤸,,,TF-685D,T glyph update,,
1795,29-3,𨧾,,,T5-5933,T glyph update,,
1795,29-4,𨪟,,,T5-6555,T glyph update,,
1795,29-5,𨬴,,,TF-6662,T glyph update,,
1795,29-6,𨱘,,,T6-2934,T glyph update,,
1795,30-1,𨽱,,,T7-5F78,T glyph update,,
1795,30-2,𩂭,,,T6-637E,T glyph update,,
1795,30-3,𩂾,,,T5-5243,T glyph update,,
1795,30-4,𩎷,,,T5-595A,T glyph update,,
1795,31-1,𩓱,,,T7-3D6B,T glyph update,,
1795,31-2,𩕣,,,T7-5A2F,T glyph update,,
1795,31-3,𩗟,,,T5-5975,T glyph update,,
1795,31-4,𩝮,,,T7-4529,T glyph update,,
1795,31-5,𩞟,,,T4-653E,T glyph update,,
1795,31-6,𩡮,,,T6-5047,T glyph update,,
1795,32-1,𩣛,,,T7-3E27,T glyph update,,
1795,32-2,𩥜,,,T7-5167,T glyph update,,
1795,32-3,𩦕,,,TF-6A38,T glyph update,,
1795,32-4,𩫗,,,T5-6040,T glyph update,,
1795,32-5,𩕀,,,T4-6534,T glyph update,,
1795,33-1,𪋥,,,T7-5E3A,T glyph update,,
1795,33-2,𪗲,,,T4-4878,T glyph update,,
1795,33-3,𪅰,,,T7-5E27,T glyph update,,
1798,1-1,𦺈,,,H-87CD,H glyph update,,
1811,2-1,㐌,,,K6-1000,repertoire,,
1811,2-2,亻,,,K6-1001,repertoire,,
1811,2-3,倸,,,K6-1002,repertoire,,
1811,2-4,㓁,,,K6-1003,repertoire,,
1811,2-5,㖠,,,K6-1004,repertoire,,
1811,2-6,啫,,,K6-1005,repertoire,,
1811,2-7,𡲰,,,K6-1006,repertoire,,
1811,2-8,𡱁,,,K6-1007,repertoire,,
1811,2-9,屰,,,K6-1008,repertoire,,
1811,2-10,巠,,,K6-1009,repertoire,,
1811,2-11,𢄼,,,K6-100A,repertoire,,
1811,2-12,廰,,,K6-100B,repertoire,,
1811,2-13,𢈴,,,K6-100C,repertoire,,
1811,2-14,𢐧,,,K6-100D,repertoire,,
1811,2-15,𢏆,,,K6-100E,repertoire,,
1811,2-16,𢏳,,,K6-100F,repertoire,,
1811,2-17,𢏮,,,K6-1010,repertoire,,
1811,2-18,㣺,,,K6-1011,repertoire,,
1811,2-19,𢠵,,,K6-1012,repertoire,,
1811,3-20,𢢜,,,K6-1013,repertoire,,
1811,3-21,𢜫,,,K6-1014,repertoire,,
1811,3-22,㬉,,,K6-1015,repertoire,,
1811,3-23,榠,,,K6-1016,repertoire,,
1811,3-24,桒,,,K6-1017,repertoire,,
1811,3-25,𣑿,,,K6-1018,repertoire,,
1811,3-26,㮈,,,K6-1019,repertoire,,
1811,3-27,㮋,,,K6-101A,repertoire,,
1811,3-28,欵,,,K6-101B,repertoire,,
1811,3-29,氊,,,K6-101C,repertoire,,
1811,3-30,氺,,,K6-101D,repertoire,,
1811,3-31,𣶏,,,K6-101E,repertoire,,
1811,3-32,𣷯,,,K6-101F,repertoire,,
1811,3-33,黙,,,K6-1020,repertoire,,
1811,3-34,焴,,,K6-1021,repertoire,,
1811,3-35,㺬,,,K6-1022,repertoire,,
1811,3-36,𤥭,,,K6-1023,repertoire,,
1811,3-37,㽋,,,K6-1024,repertoire,,
1811,4-38,㼚,,,K6-1025,repertoire,,
1811,4-39,𤭁,,,K6-1026,repertoire,,
1811,4-40,𤭛,,,K6-1027,repertoire,,
1811,4-41,畱,,,K6-1028,repertoire,,
1811,4-42,𤸯,,,K6-1029,repertoire,,
1811,4-43,㿗,,,K6-102A,repertoire,,
1811,4-44,㾏,,,K6-102B,repertoire,,
1811,4-45,痩,,,K6-102C,repertoire,,
1811,4-46,皡,,,K6-102D,repertoire,,
1811,4-47,皂,,,K6-102E,repertoire,,
1811,4-48,睱,,,K6-102F,repertoire,,
1811,4-49,𥔰,,,K6-1030,repertoire,,
1811,4-50,磗,,,K6-1031,repertoire,,
1811,4-51,磘,,,K6-1032,repertoire,,
1811,4-52,硡,,,K6-1033,repertoire,,
1811,4-53,硭,,,K6-1034,repertoire,,
1811,4-54,䈇,,,K6-1035,repertoire,,
1811,4-55,䂺,,,K6-1036,repertoire,,
1811,5-56,𥛚,,,K6-1037,repertoire,,
1811,5-57,䄠,,,K6-1038,repertoire,,
1811,5-58,祦,,,K6-1039,repertoire,,
1811,5-59,𥟅,,,K6-103A,repertoire,,
1811,5-60,𥧔,,,K6-103B,repertoire,,
1811,5-61,𥪁,,,K6-103C,repertoire,,
1811,5-62,篘,,,K6-103D,repertoire,,
1811,5-63,𥴩,,,K6-103E,repertoire,,
1811,5-64,簶,,,K6-103F,repertoire,,
1811,5-65,𥬯,,,K6-1040,repertoire,,
1811,5-66,䇭,,,K6-1041,repertoire,,
1811,5-67,䈜,,,K6-1042,repertoire,,
1811,5-68,𥸴,,,K6-1043,repertoire,,
1811,5-69,𥻓,,,K6-1044,repertoire,,
1811,5-70,絕,,,K6-1045,repertoire,,
1811,5-71,𫃵,,,K6-1046,repertoire,,
1811,5-72,缹,,,K6-1047,repertoire,,
1811,5-73,䍽,,,K6-1048,repertoire,,
1811,6-74,羐,,,K6-1049,repertoire,,
1811,6-75,𦍩,,,K6-104A,repertoire,,
1811,6-76,𦐄,,,K6-104B,repertoire,,
1811,6-77,翓,,,K6-104C,repertoire,,
1811,6-78,𦕠,,,K6-104D,repertoire,,
1811,6-79,𦖋,,,K6-104E,repertoire,,
1811,6-80,𦞦,,,K6-104F,repertoire,,
1811,6-81,肶,,,K6-1050,repertoire,,
1811,6-82,𦚞,,,K6-1051,repertoire,,
1811,6-83,䑔,,,K6-1052,repertoire,,
1811,6-84,蓗,,,K6-1053,repertoire,,
1811,6-85,蕂,,,K6-1054,repertoire,,
1811,6-86,䔿,,,K6-1055,repertoire,,
1811,6-87,𦼫,,,K6-1056,repertoire,,
1811,6-88,𧀰,,,K6-1057,repertoire,,
1811,6-89,𧃐,,,K6-1058,repertoire,,
1811,6-90,苄,,,K6-1059,repertoire,,
1811,6-91,𧐋,,,K6-105A,repertoire,,
1811,7-92,𧐖,,,K6-105B,repertoire,,
1811,7-93,𧑅,,,K6-105C,repertoire,,
1811,7-94,𧓕,,,K6-105D,repertoire,,
1811,7-95,𧉧,,,K6-105E,repertoire,,
1811,7-96,蚭,,,K6-105F,repertoire,,
1811,7-97,䖹,,,K6-1060,repertoire,,
1811,7-98,䗐,,,K6-1061,repertoire,,
1811,7-99,𧞤,,,K6-1062,repertoire,,
1811,7-100,𧘐,,,K6-1063,repertoire,,
1811,7-101,𧴖,,,K6-1064,repertoire,,
1811,7-102,𧸘,,,K6-1065,repertoire,,
1811,7-103,𧵅,,,K6-1066,repertoire,,
1811,7-104,𧿫,,,K6-1067,repertoire,,
1811,7-105,遅,,,K6-1068,repertoire,,
1811,7-106,𨠒,,,K6-1069,repertoire,,
1811,7-107,𨪏,,,K6-106A,repertoire,,
1811,7-108,𨫏,,,K6-106B,repertoire,,
1811,8-109,𨬋,,,K6-106C,repertoire,,
1811,8-110,䥷,,,K6-106D,repertoire,,
1811,8-111,鑹,,,K6-106E,repertoire,,
1811,8-112,鋄,,,K6-106F,repertoire,,
1811,8-113,𨧫,,,K6-1070,repertoire,,
1811,8-114,𨴑,,,K6-1071,repertoire,,
1811,8-115,𨺗,,,K6-1072,repertoire,,
1811,8-116,𨾚,,,K6-1073,repertoire,,
1811,8-117,𩌬,,,K6-1074,repertoire,,
1811,8-118,𩍘,,,K6-1075,repertoire,,
1811,8-119,𩊓,,,K6-1076,repertoire,,
1811,8-120,鞨,,,K6-1077,repertoire,,
1811,8-121,䪿,,,K6-1078,repertoire,,
1811,8-122,𩓐,,,K6-1079,repertoire,,
1811,8-123,𩟐,,,K6-107A,repertoire,,
1811,8-124,飲,,,K6-107B,repertoire,,
1811,8-125,𩜵,,,K6-107C,repertoire,,
1811,8-126,𩜶,,,K6-107D,repertoire,,
1811,8-127,𩜼,,,K6-107E,repertoire,,
1811,9-128,𩥮,,,K6-107F,repertoire,,
1811,9-129,𩦷,,,K6-1080,repertoire,,
1811,9-130,驝,,,K6-1081,repertoire,,
1811,9-131,𩢷,,,K6-1082,repertoire,,
1811,9-132,䯪,,,K6-1083,repertoire,,
1811,9-133,䰐,,,K6-1084,repertoire,,
1811,9-134,䱶,,,K6-1085,repertoire,,
1811,9-135,𩻛,,,K6-1086,repertoire,,
1811,9-136,𩻣,,,K6-1087,repertoire,,
1811,9-137,鯮,,,K6-1088,repertoire,,
1811,9-138,𪃿,,,K6-1089,repertoire,,
1811,9-139,䳺,,,K6-108A,repertoire,,
1811,9-140,鷙,,,K6-108B,repertoire,,
1811,9-141,𪆁,,,K6-108C,repertoire,,
1811,9-142,𩾚,,,K6-108D,repertoire,,
1811,9-143,𩿨,,,K6-108E,repertoire,,
1811,9-144,𪀗,,,K6-108F,repertoire,,
1811,9-145,䳓,,,K6-1090,repertoire,,
1811,10-146,𪁿,,,K6-1091,repertoire,,
1811,10-147,黋,,,K6-1092,repertoire,,
1811,10-148,𪑩,,,K6-1093,repertoire,,
1811,10-149,𪓐,,,K6-1094,repertoire,,
1811,10-150,𪓟,,,K6-1095,repertoire,,
1811,10-151,𪚰,,,K6-1096,repertoire,,
1811,10-152,郎,,,K6-0000,repertoire,,
1811,10-153,驇,,,K6-0001,repertoire,,
1811,10-154,慎,,,K6-0002,repertoire,,
1811,10-155,𠿒,,,K6-0003,repertoire,,
1812,1-1,𣗱,,,V0-354D,V glyph update,,
1819,1-1,𠏝,,,K4-000D,K glyph update,,
1819,1-2,𥕦,,,K4-008A,K glyph update,,
1837,2-1,𣗱,,,V0-354D,V glyph update,,
1837,3-1,𨖙,,,V4-5565,keep unify,,
1837,3-2,𠢅,,,T5-3669,keep unify,,
1837,4-1,𡼒,,,T5-4C6E,T move 𡼒 to 𡼬,,
1837,5-1,𤪊,,,V2-7C66,keep unify,,
1837,5-2,𤼕,,,V2-7D5A,keep unify,,
1837,6-1,𥂉,,,V2-7D6B,keep unify,,
1837,6-2,𪛀,,,GKX-1538.20,keep unify,,
1837,7-1,𢤶,,,T5-6777,keep unify,,
1837,7-2,𨌡,,,T6-632A,keep unify,,
1837,8-1,𢮣,,,GKX-0440.17,keep unify,,
1837,8-2,𣀣,,,T5-6C34,keep unify,,
1837,9-1,𤈩,,,GKX-0672.02,keep unify,,
1837,10-1,𧷵,,,T7-4350,no change,,
1837,10-2,𩻴,,,GHZ-74714.09,no change,,
1837,10-3,𡒍,,,T7-373F,no change,,
1837,10-4,𧃒,,,GKX-1069.21,no change,,
1837,11-1,𩵜,,,V0-4822,no change,,
1837,11-2,𦐯,,,T6-4D30,no change,,
1837,11-3,𦒇,,,T7-4871,no change,,
1837,12-1,𧃰,,,T7-5876,no change,,
1837,12-2,𧓟,,,T7-5477,no change,,
1837,12-3,𩲛,,,T6-646C,T glyph update,,
1837,13-1,𢴕,,,V2-7753,no change,,
1837,13-2,𤡘,,,GHZ-21366.09,no change,,
1837,13-3,𦬽,,,GKX-1025.08,no change,,
1838,1-1,𣠬,,,TF-6951,keep unify,,
1838,1-2,𣻤,,,GKX-0648.09,keep unify,,
1838,1-3,𤍩,,,TF-5024,keep unify,,
1838,2-1,𧕕,,,GKX-1103.29,keep unify,,
1838,2-2,𧬟,,,GHZ-64018.09,keep unify,,
1838,2-3,𧵁,,,TF-385F,keep unify,,
1838,2-4,𨭵,,,TF-686D,keep unify,,
1838,2-5,𩏻,,,T5-7C22,keep unify,,
1838,3-1,𩑐,,,GKX-1399.08,keep unify,,
1838,3-2,𩱒,,,T7-5666,keep unify,,
1838,3-3,𪂸,,,GKX-1494.15,keep unify,,
1838,3-4,𩧻,,,GCH,keep unify,,
1838,4-1,𣗱,,,V0-354D,V glyph update,,
1838,4-2,𨖙,,,V4-5565,keep unify,,
1838,4-3,𠢅,,,T5-3669,keep unify,,
1838,4-4,𡼒,,,T5-4C6E,T move 𡼒 to 𡼬,,
1838,5-1,𤪊,,,V2-7C66,keep unify,,
1838,5-2,𤼕,,,V2-7D5A,keep unify,,
1838,5-3,𥂉,,,V2-7D6B,keep unify,,
1838,5-4,𪛀,,,GKX-1538.20,keep unify,,
1838,6-1,𢤶,,,T5-6777,keep unify,,
1838,6-2,𨌡,,,T6-632A,keep unify,,
1838,6-3,𢮣,,,GKX-0440.17,keep unify,,
1838,6-4,𣀣,,,T5-6C34,keep unify,,
1838,6-5,𤈩,,,GKX-0672.02,keep unify,,
1838,7-1,𥮈,,,V3-364B,keep unify,,
,,,,,,,,
,,,,,,,,
,,,,,,,,
,,,,,,,,
,,,,,,,,
,,,,,,,,
,,,,,,,,
,,,,,,,,
,,,,,,,,
,,,,,,,,
,,,,,,,,
,,,,,,,,
,,,,,,,,
,,,,,,,,
,,,,,,,,
,,,,,,,,
,,,,,,,,
,,,,,,,,
,,,,,,,,
,,,,,,,,
,,,,,,,,
